timestamp,elapsed_sec,root_pid,proc_count,rss_kb,rss_mib
2026-04-13T22:45:35,0.043,2850423,17,1725404,1684.965
2026-04-13T22:45:36,1.089,2850423,17,1725376,1684.938
2026-04-13T22:45:37,2.137,2850423,17,1725384,1684.945
2026-04-13T22:45:38,3.179,2850423,17,1725384,1684.945
2026-04-13T22:45:39,4.222,2850423,17,1725384,1684.945
2026-04-13T22:45:40,5.289,2850423,17,1725356,1684.918
2026-04-13T22:45:41,6.340,2850423,17,1725384,1684.945
2026-04-13T22:45:42,7.493,2850423,17,1725384,1684.945
2026-04-13T22:45:44,8.539,2850423,17,1725420,1684.980
2026-04-13T22:45:45,9.588,2850423,17,1725420,1684.980
2026-04-13T22:45:46,10.632,2850423,17,1725388,1684.949
2026-04-13T22:45:47,11.688,2850423,17,1725452,1685.012
2026-04-13T22:45:48,12.738,2850423,17,1725380,1684.941
2026-04-13T22:45:49,13.797,2850423,17,1725352,1684.914
2026-04-13T22:45:50,14.841,2850423,17,1725352,1684.914
2026-04-13T22:45:51,15.894,2850423,17,1725352,1684.914
2026-04-13T22:45:52,16.940,2850423,17,1725352,1684.914
2026-04-13T22:45:53,17.988,2850423,17,1725312,1684.875
2026-04-13T22:45:54,19.056,2850423,17,1725344,1684.906
2026-04-13T22:45:55,20.102,2850423,17,1725344,1684.906
2026-04-13T22:45:56,21.146,2850423,17,1725272,1684.836
2026-04-13T22:45:57,22.199,2850423,17,1725304,1684.867
2026-04-13T22:45:58,23.272,2850423,17,1725304,1684.867
2026-04-13T22:45:59,24.320,2850423,17,1725304,1684.867
2026-04-13T22:46:00,25.385,2850423,17,1725276,1684.840
2026-04-13T22:46:01,26.439,2850423,17,1725332,1684.895
2026-04-13T22:46:02,27.506,2850423,17,1725308,1684.871
2026-04-13T22:46:04,28.557,2850423,17,1725308,1684.871
2026-04-13T22:46:05,29.613,2850423,17,1725312,1684.875
2026-04-13T22:46:06,30.682,2850423,17,1725248,1684.812
2026-04-13T22:46:07,31.732,2850423,17,1725272,1684.836
2026-04-13T22:46:08,32.780,2850423,17,1725280,1684.844
2026-04-13T22:46:09,33.826,2850423,17,1725288,1684.852
2026-04-13T22:46:10,34.869,2850423,17,1725288,1684.852
2026-04-13T22:46:11,35.923,2850423,17,1725240,1684.805
2026-04-13T22:46:12,36.968,2850423,17,1725288,1684.852
2026-04-13T22:46:13,38.009,2850423,17,1725392,1684.953
2026-04-13T22:46:14,39.060,2850423,17,1725372,1684.934
2026-04-13T22:46:15,40.104,2850423,17,1725352,1684.914
2026-04-13T22:46:16,41.161,2850423,17,1725396,1684.957
2026-04-13T22:46:17,42.233,2850423,17,1725468,1685.027
2026-04-13T22:46:18,43.281,2850423,17,1725468,1685.027
2026-04-13T22:46:19,44.325,2850423,17,1725468,1685.027
2026-04-13T22:46:20,45.390,2850423,17,1725404,1684.965
2026-04-13T22:46:21,46.435,2850423,17,1725436,1684.996
2026-04-13T22:46:22,47.483,2850423,17,1725440,1685.000
2026-04-13T22:46:24,48.537,2850423,17,1725432,1684.992
2026-04-13T22:46:25,49.612,2850423,17,1725472,1685.031
2026-04-13T22:46:26,50.683,2850423,17,1725444,1685.004
2026-04-13T22:46:27,51.727,2850423,17,1725412,1684.973
2026-04-13T22:46:28,52.832,2850423,17,1725444,1685.004
2026-04-13T22:46:29,53.882,2850423,17,1725416,1684.977
2026-04-13T22:46:30,54.942,2850423,17,1725448,1685.008
2026-04-13T22:46:31,55.994,2850423,17,1725344,1684.906
2026-04-13T22:46:32,57.062,2850423,17,1725288,1684.852
2026-04-13T22:46:33,58.135,2850423,17,1725352,1684.914
2026-04-13T22:46:34,59.216,2850423,17,1725360,1684.922
2026-04-13T22:46:35,60.291,2850423,17,1725328,1684.891
2026-04-13T22:46:36,61.384,2850423,17,1725288,1684.852
2026-04-13T22:46:37,62.432,2850423,17,1725360,1684.922
2026-04-13T22:46:38,63.479,2850423,17,1725392,1684.953
2026-04-13T22:46:40,64.535,2850423,17,1725408,1684.969
2026-04-13T22:46:41,65.576,2850423,17,1725432,1684.992
2026-04-13T22:46:42,66.623,2850423,17,1725432,1684.992
2026-04-13T22:46:43,67.690,2850423,17,1725400,1684.961
2026-04-13T22:46:44,68.741,2850423,17,1725400,1684.961
2026-04-13T22:46:45,69.801,2850423,17,1725400,1684.961
2026-04-13T22:46:46,70.854,2850423,17,1725400,1684.961
2026-04-13T22:46:47,71.903,2850423,17,1725464,1685.023
2026-04-13T22:46:48,73.034,2850423,17,1725468,1685.027
2026-04-13T22:46:49,74.132,2850423,17,1725480,1685.039
2026-04-13T22:46:50,75.187,2850423,17,1725504,1685.062
2026-04-13T22:46:51,76.237,2850423,17,1725520,1685.078
2026-04-13T22:46:52,77.323,2850423,17,1725408,1684.969
2026-04-13T22:46:53,78.375,2850423,17,1725512,1685.070
2026-04-13T22:46:54,79.447,2850423,17,1725508,1685.066
2026-04-13T22:46:55,80.521,2850423,17,1725484,1685.043
2026-04-13T22:46:57,81.591,2850423,17,1725440,1685.000
2026-04-13T22:46:58,82.638,2850423,17,1725452,1685.012
2026-04-13T22:46:59,83.689,2850423,17,1725452,1685.012
2026-04-13T22:47:00,84.791,2850423,17,1725380,1684.941
2026-04-13T22:47:01,85.845,2850423,17,1725380,1684.941
2026-04-13T22:47:02,86.921,2850423,17,1725380,1684.941
2026-04-13T22:47:03,88.055,2850423,17,1725452,1685.012
2026-04-13T22:47:04,89.099,2850423,17,1725500,1685.059
2026-04-13T22:47:05,90.164,2850423,17,1725516,1685.074
2026-04-13T22:47:06,91.221,2850423,17,1725432,1684.992
2026-04-13T22:47:07,92.326,2850423,17,1725424,1684.984
2026-04-13T22:47:08,93.371,2850423,17,1725424,1684.984
2026-04-13T22:47:09,94.423,2850423,17,1725424,1684.984
2026-04-13T22:47:10,95.469,2850423,17,1725424,1684.984
2026-04-13T22:47:11,96.521,2850423,17,1725424,1684.984
2026-04-13T22:47:13,97.614,2850423,17,1725352,1684.914
2026-04-13T22:47:14,98.690,2850423,17,1725492,1685.051
2026-04-13T22:47:15,99.763,2850423,17,1725524,1685.082
2026-04-13T22:47:16,100.850,2850423,17,1725524,1685.082
2026-04-13T22:47:17,101.895,2850423,17,1725452,1685.012
2026-04-13T22:47:18,102.948,2850423,17,1725452,1685.012
2026-04-13T22:47:19,104.002,2850423,17,1725456,1685.016
2026-04-13T22:47:20,105.092,2850423,17,1725488,1685.047
2026-04-13T22:47:21,106.146,2850423,17,1725476,1685.035
2026-04-13T22:47:22,107.207,2850423,17,1725436,1684.996
2026-04-13T22:47:23,108.286,2850423,17,1725424,1684.984
2026-04-13T22:47:24,109.340,2850423,17,1725424,1684.984
2026-04-13T22:47:25,110.406,2850423,17,1725392,1684.953
2026-04-13T22:47:26,111.455,2850423,17,1725392,1684.953
2026-04-13T22:47:28,112.530,2850423,17,1725364,1684.926
2026-04-13T22:47:29,113.579,2850423,17,1725364,1684.926
2026-04-13T22:47:30,114.630,2850423,17,1725436,1684.996
2026-04-13T22:47:31,115.685,2850423,17,1725404,1684.965
2026-04-13T22:47:32,116.740,2850423,17,1725392,1684.953
2026-04-13T22:47:33,117.793,2850423,17,1725364,1684.926
2026-04-13T22:47:34,118.867,2850423,17,1725400,1684.961
2026-04-13T22:47:35,119.950,2850423,17,1725400,1684.961
2026-04-13T22:47:36,121.021,2850423,17,1725400,1684.961
2026-04-13T22:47:37,122.069,2850423,17,1725400,1684.961
2026-04-13T22:47:38,123.123,2850423,17,1725368,1684.930
2026-04-13T22:47:39,124.177,2850423,17,1725432,1684.992
2026-04-13T22:47:40,125.229,2850423,17,1725432,1684.992
2026-04-13T22:47:41,126.287,2850423,17,1725432,1684.992
2026-04-13T22:47:42,127.341,2850423,17,1725360,1684.922
2026-04-13T22:47:43,128.391,2850423,17,1725392,1684.953
2026-04-13T22:47:44,129.443,2850423,17,1725428,1684.988
2026-04-13T22:47:45,130.493,2850423,17,1725428,1684.988
2026-04-13T22:47:47,131.568,2850423,17,1725500,1685.059
2026-04-13T22:47:48,132.612,2850423,17,1725500,1685.059
2026-04-13T22:47:49,133.661,2850423,17,1725468,1685.027
2026-04-13T22:47:50,134.709,2850423,17,1725460,1685.020
2026-04-13T22:47:51,135.754,2850423,17,1725432,1684.992
2026-04-13T22:47:52,136.829,2850423,17,1725384,1684.945
2026-04-13T22:47:53,137.936,2850423,17,1725352,1684.914
2026-04-13T22:47:54,139.014,2850423,17,1725440,1685.000
2026-04-13T22:47:55,140.098,2850423,17,1725432,1684.992
2026-04-13T22:47:56,141.182,2850423,17,1725432,1684.992
2026-04-13T22:47:57,142.223,2850423,17,1725528,1685.086
2026-04-13T22:47:58,143.272,2850423,17,1725464,1685.023
2026-04-13T22:47:59,144.363,2850423,17,1725464,1685.023
2026-04-13T22:48:00,145.411,2850423,17,1725464,1685.023
2026-04-13T22:48:01,146.466,2850423,17,1725500,1685.059
2026-04-13T22:48:02,147.513,2850423,17,1725468,1685.027
2026-04-13T22:48:04,148.560,2850423,17,1725480,1685.039
2026-04-13T22:48:05,149.614,2850423,17,1725468,1685.027
2026-04-13T22:48:06,150.708,2850423,17,1725428,1684.988
2026-04-13T22:48:07,151.781,2850423,17,1725460,1685.020
2026-04-13T22:48:08,152.844,2850423,17,1725492,1685.051
2026-04-13T22:48:09,153.902,2850423,17,1725464,1685.023
2026-04-13T22:48:10,154.957,2850423,17,1725504,1685.062
2026-04-13T22:48:11,156.019,2850423,17,1725544,1685.102
2026-04-13T22:48:12,157.071,2850423,17,1725496,1685.055
2026-04-13T22:48:13,158.128,2850423,17,1725412,1684.973
2026-04-13T22:48:14,159.180,2850423,17,1725444,1685.004
2026-04-13T22:48:15,160.229,2850423,17,1725480,1685.039
2026-04-13T22:48:16,161.279,2850423,17,1725480,1685.039
2026-04-13T22:48:17,162.341,2850423,17,1725512,1685.070
2026-04-13T22:48:18,163.383,2850423,17,1725512,1685.070
2026-04-13T22:48:19,164.426,2850423,17,1725512,1685.070
2026-04-13T22:48:20,165.468,2850423,17,1725484,1685.043
2026-04-13T22:48:21,166.524,2850423,17,1725500,1685.059
2026-04-13T22:48:23,167.576,2850423,17,1725484,1685.043
2026-04-13T22:48:24,168.618,2850423,17,1725452,1685.012
2026-04-13T22:48:25,169.684,2850423,17,1725452,1685.012
2026-04-13T22:48:26,170.739,2850423,17,1725452,1685.012
2026-04-13T22:48:27,171.813,2850423,17,1725392,1684.953
2026-04-13T22:48:28,172.867,2850423,17,1725392,1684.953
2026-04-13T22:48:29,173.918,2850423,17,1725328,1684.891
2026-04-13T22:48:30,174.968,2850423,17,1725320,1684.883
2026-04-13T22:48:31,176.021,2850423,17,1725280,1684.844
2026-04-13T22:48:32,177.072,2850423,17,1725280,1684.844
2026-04-13T22:48:33,178.126,2850423,17,1725324,1684.887
2026-04-13T22:48:34,179.177,2850423,17,1725324,1684.887
2026-04-13T22:48:35,180.224,2850423,17,1725356,1684.918
2026-04-13T22:48:36,181.281,2850423,17,1725340,1684.902
2026-04-13T22:48:37,182.348,2850423,17,1725396,1684.957
2026-04-13T22:48:38,183.400,2850423,17,1725428,1684.988
2026-04-13T22:48:39,184.482,2850423,17,1725460,1685.020
2026-04-13T22:48:41,185.535,2850423,17,1725464,1685.023
2026-04-13T22:48:42,186.595,2850423,17,1725464,1685.023
2026-04-13T22:48:43,187.651,2850423,17,1725464,1685.023
2026-04-13T22:48:44,188.744,2850423,17,1725464,1685.023
2026-04-13T22:48:45,189.800,2850423,17,1725464,1685.023
2026-04-13T22:48:46,190.856,2850423,17,1725464,1685.023
2026-04-13T22:48:47,191.910,2850423,17,1725464,1685.023
2026-04-13T22:48:48,192.965,2850423,17,1725464,1685.023
2026-04-13T22:48:49,194.033,2850423,17,1725436,1684.996
2026-04-13T22:48:50,195.090,2850423,17,1725476,1685.035
2026-04-13T22:48:51,196.143,2850423,17,1725476,1685.035
2026-04-13T22:48:52,197.197,2850423,17,1725476,1685.035
2026-04-13T22:48:53,198.250,2850423,17,1725404,1684.965
2026-04-13T22:48:54,199.326,2850423,17,1725344,1684.906
2026-04-13T22:48:55,200.371,2850423,17,1725428,1684.988
2026-04-13T22:48:56,201.447,2850423,17,1725472,1685.031
2026-04-13T22:48:57,202.495,2850423,17,1725440,1685.000
2026-04-13T22:48:59,203.583,2850423,17,1725440,1685.000
2026-04-13T22:49:00,204.644,2850423,17,1725472,1685.031
2026-04-13T22:49:01,205.696,2850423,17,1725472,1685.031
2026-04-13T22:49:02,206.750,2850423,17,1725508,1685.066
2026-04-13T22:49:03,207.802,2850423,17,1725508,1685.066
2026-04-13T22:49:04,208.856,2850423,17,1725508,1685.066
2026-04-13T22:49:05,209.898,2850423,17,1725540,1685.098
2026-04-13T22:49:06,210.968,2850423,17,1725576,1685.133
2026-04-13T22:49:07,212.033,2850423,17,1725576,1685.133
2026-04-13T22:49:08,213.089,2850423,17,1725572,1685.129
2026-04-13T22:49:09,214.139,2850423,17,1725544,1685.102
2026-04-13T22:49:10,215.190,2850423,17,1725536,1685.094
2026-04-13T22:49:11,216.243,2850423,17,1725536,1685.094
2026-04-13T22:49:12,217.294,2850423,17,1725504,1685.062
2026-04-13T22:49:13,218.344,2850423,17,1725508,1685.066
2026-04-13T22:49:14,219.395,2850423,17,1725376,1684.938
2026-04-13T22:49:15,220.445,2850423,17,1725376,1684.938
2026-04-13T22:49:16,221.499,2850423,17,1725448,1685.008
2026-04-13T22:49:18,222.583,2850423,17,1725480,1685.039
2026-04-13T22:49:19,223.635,2850423,17,1725512,1685.070
2026-04-13T22:49:20,224.690,2850423,17,1725548,1685.105
2026-04-13T22:49:21,225.745,2850423,17,1725548,1685.105
2026-04-13T22:49:22,226.791,2850423,17,1725580,1685.137
2026-04-13T22:49:23,227.852,2850423,17,1725580,1685.137
2026-04-13T22:49:24,228.900,2850423,17,1725548,1685.105
2026-04-13T22:49:25,229.950,2850423,17,1725516,1685.074
2026-04-13T22:49:26,231.025,2850423,17,1725552,1685.109
2026-04-13T22:49:27,232.103,2850423,17,1725512,1685.070
2026-04-13T22:49:28,233.178,2850423,17,1725520,1685.078
2026-04-13T22:49:29,234.251,2850423,17,1725520,1685.078
2026-04-13T22:49:30,235.314,2850423,17,1725520,1685.078
2026-04-13T22:49:31,236.381,2850423,17,1725488,1685.047
2026-04-13T22:49:32,237.433,2850423,17,1725488,1685.047
2026-04-13T22:49:33,238.498,2850423,17,1725416,1684.977
2026-04-13T22:49:35,239.545,2850423,17,1725408,1684.969
2026-04-13T22:49:36,240.595,2850423,17,1725408,1684.969
2026-04-13T22:49:37,241.644,2850423,17,1725412,1684.973
2026-04-13T22:49:38,242.718,2850423,17,1725356,1684.918
2026-04-13T22:49:39,243.799,2850423,17,1725380,1684.941
2026-04-13T22:49:40,244.847,2850423,17,1725380,1684.941
2026-04-13T22:49:41,245.893,2850423,17,1725412,1684.973
2026-04-13T22:49:42,246.955,2850423,17,1725428,1684.988
2026-04-13T22:49:43,248.024,2850423,17,1725396,1684.957
2026-04-13T22:49:44,249.094,2850423,17,1725500,1685.059
2026-04-13T22:49:45,250.148,2850423,17,1725472,1685.031
2026-04-13T22:49:46,251.204,2850423,17,1725472,1685.031
2026-04-13T22:49:47,252.258,2850423,17,1725472,1685.031
2026-04-13T22:49:48,253.308,2850423,17,1725472,1685.031
2026-04-13T22:49:49,254.354,2850423,17,1725408,1684.969
2026-04-13T22:49:50,255.411,2850423,17,1725512,1685.070
2026-04-13T22:49:51,256.502,2850423,17,1725576,1685.133
2026-04-13T22:49:53,257.577,2850423,17,1725544,1685.102
2026-04-13T22:49:54,258.671,2850423,17,1725576,1685.133
2026-04-13T22:49:55,259.754,2850423,17,1725576,1685.133
2026-04-13T22:49:56,260.810,2850423,17,1725576,1685.133
2026-04-13T22:49:57,261.923,2850423,17,1725576,1685.133
2026-04-13T22:49:58,262.988,2850423,17,1725576,1685.133
2026-04-13T22:49:59,264.065,2850423,17,1725512,1685.070
2026-04-13T22:50:00,265.149,2850423,17,1725480,1685.039
2026-04-13T22:50:01,266.192,2850423,17,1725480,1685.039
2026-04-13T22:50:02,267.244,2850423,17,1725512,1685.070
2026-04-13T22:50:03,268.288,2850423,17,1725408,1684.969
2026-04-13T22:50:04,269.339,2850423,17,1725440,1685.000
2026-04-13T22:50:05,270.388,2850423,17,1725408,1684.969
2026-04-13T22:50:06,271.438,2850423,17,1725396,1684.957
2026-04-13T22:50:07,272.479,2850423,17,1725440,1685.000
2026-04-13T22:50:09,273.533,2850423,17,1725440,1685.000
2026-04-13T22:50:10,274.586,2850423,17,1725332,1684.895
2026-04-13T22:50:11,275.647,2850423,17,1725368,1684.930
2026-04-13T22:50:12,276.716,2850423,17,1725404,1684.965
2026-04-13T22:50:13,277.784,2850423,17,1725372,1684.934
2026-04-13T22:50:14,278.839,2850423,17,1725404,1684.965
2026-04-13T22:50:15,279.910,2850423,17,1725508,1685.066
2026-04-13T22:50:16,280.961,2850423,17,1725480,1685.039
2026-04-13T22:50:17,282.022,2850423,17,1725512,1685.070
2026-04-13T22:50:18,283.083,2850423,17,1725460,1685.020
2026-04-13T22:50:19,284.164,2850423,17,1725512,1685.070
2026-04-13T22:50:20,285.292,2850423,17,1725512,1685.070
2026-04-13T22:50:21,286.381,2850423,17,1725480,1685.039
2026-04-13T22:50:22,287.471,2850423,17,1725480,1685.039
2026-04-13T22:50:23,288.518,2850423,17,1725516,1685.074
2026-04-13T22:50:25,289.564,2850423,17,1725516,1685.074
2026-04-13T22:50:26,290.649,2850423,17,1725484,1685.043
2026-04-13T22:50:27,291.719,2850423,17,1725484,1685.043
2026-04-13T22:50:28,292.779,2850423,17,1725488,1685.047
2026-04-13T22:50:29,293.833,2850423,17,1725456,1685.016
2026-04-13T22:50:30,294.884,2850423,17,1725496,1685.055
2026-04-13T22:50:31,295.939,2850423,17,1725496,1685.055
2026-04-13T22:50:32,296.990,2850423,17,1725528,1685.086
2026-04-13T22:50:33,298.074,2850423,17,1725548,1685.105
2026-04-13T22:50:34,299.154,2850423,17,1725516,1685.074
2026-04-13T22:50:35,300.210,2850423,17,1725528,1685.086
2026-04-13T22:50:36,301.268,2850423,17,1725500,1685.059
2026-04-13T22:50:37,302.327,2850423,17,1725532,1685.090
2026-04-13T22:50:38,303.378,2850423,17,1725532,1685.090
2026-04-13T22:50:39,304.428,2850423,17,1725532,1685.090
2026-04-13T22:50:40,305.472,2850423,17,1725500,1685.059
2026-04-13T22:50:41,306.511,2850423,17,1725532,1685.090
2026-04-13T22:50:43,307.614,2850423,17,1725500,1685.059
2026-04-13T22:50:44,308.686,2850423,17,1725500,1685.059
2026-04-13T22:50:45,309.735,2850423,17,1725564,1685.121
2026-04-13T22:50:46,310.795,2850423,17,1725532,1685.090
2026-04-13T22:50:47,311.842,2850423,17,1725532,1685.090
2026-04-13T22:50:48,312.894,2850423,17,1725532,1685.090
2026-04-13T22:50:49,313.944,2850423,17,1725504,1685.062
2026-04-13T22:50:50,315.021,2850423,17,1725432,1684.992
2026-04-13T22:50:51,316.093,2850423,17,1725432,1684.992
2026-04-13T22:50:52,317.149,2850423,17,1725464,1685.023
2026-04-13T22:50:53,318.200,2850423,17,1725460,1685.020
2026-04-13T22:50:54,319.255,2850423,17,1725532,1685.090
2026-04-13T22:50:55,320.312,2850423,17,1725536,1685.094
2026-04-13T22:50:56,321.363,2850423,17,1725568,1685.125
2026-04-13T22:50:57,322.413,2850423,17,1725572,1685.129
2026-04-13T22:50:58,323.458,2850423,17,1725572,1685.129
2026-04-13T22:50:59,324.503,2850423,17,1725572,1685.129
2026-04-13T22:51:01,325.574,2850423,17,1725540,1685.098
2026-04-13T22:51:02,326.637,2850423,17,1725508,1685.066
2026-04-13T22:51:03,327.689,2850423,17,1725476,1685.035
2026-04-13T22:51:04,328.738,2850423,17,1725416,1684.977
2026-04-13T22:51:05,329.794,2850423,17,1725480,1685.039
2026-04-13T22:51:06,330.864,2850423,17,1725468,1685.027
2026-04-13T22:51:07,331.918,2850423,17,1725512,1685.070
2026-04-13T22:51:08,332.967,2850423,17,1725512,1685.070
2026-04-13T22:51:09,334.014,2850423,17,1725544,1685.102
2026-04-13T22:51:10,335.067,2850423,17,1725616,1685.172
2026-04-13T22:51:11,336.118,2850423,17,1725648,1685.203
2026-04-13T22:51:12,337.176,2850423,17,1725664,1685.219
2026-04-13T22:51:13,338.256,2850423,17,1725600,1685.156
2026-04-13T22:51:14,339.342,2850423,17,1725592,1685.148
2026-04-13T22:51:15,340.439,2850423,17,1725596,1685.152
2026-04-13T22:51:16,341.501,2850423,17,1725628,1685.184
2026-04-13T22:51:18,342.570,2850423,17,1725628,1685.184
2026-04-13T22:51:19,343.628,2850423,17,1725628,1685.184
2026-04-13T22:51:20,344.679,2850423,17,1725660,1685.215
2026-04-13T22:51:21,345.735,2850423,17,1725660,1685.215
2026-04-13T22:51:22,346.789,2850423,17,1725660,1685.215
2026-04-13T22:51:23,347.840,2850423,17,1725656,1685.211
2026-04-13T22:51:24,348.889,2850423,17,1725580,1685.137
2026-04-13T22:51:25,349.943,2850423,17,1725596,1685.152
2026-04-13T22:51:26,351.001,2850423,17,1725596,1685.152
2026-04-13T22:51:27,352.043,2850423,17,1725604,1685.160
2026-04-13T22:51:28,353.092,2850423,17,1725572,1685.129
2026-04-13T22:51:29,354.137,2850423,17,1725640,1685.195
2026-04-13T22:51:30,355.197,2850423,17,1725612,1685.168
2026-04-13T22:51:31,356.241,2850423,17,1725612,1685.168
2026-04-13T22:51:32,357.291,2850423,17,1725612,1685.168
2026-04-13T22:51:33,358.345,2850423,17,1725652,1685.207
2026-04-13T22:51:34,359.390,2850423,17,1725684,1685.238
2026-04-13T22:51:35,360.454,2850423,17,1725688,1685.242
2026-04-13T22:51:36,361.518,2850423,17,1725676,1685.230
2026-04-13T22:51:38,362.561,2850423,17,1725740,1685.293
2026-04-13T22:51:39,363.612,2850423,17,1725740,1685.293
2026-04-13T22:51:40,364.653,2850423,17,1725740,1685.293
2026-04-13T22:51:41,365.713,2850423,17,1725740,1685.293
2026-04-13T22:51:42,366.796,2850423,17,1725704,1685.258
2026-04-13T22:51:43,367.901,2850423,17,1725776,1685.328
2026-04-13T22:51:44,368.976,2850423,17,1725744,1685.297
2026-04-13T22:51:45,370.075,2850423,17,1725776,1685.328
2026-04-13T22:51:46,371.126,2850423,17,1725776,1685.328
2026-04-13T22:51:47,372.176,2850423,17,1725704,1685.258
2026-04-13T22:51:48,373.234,2850423,17,1725672,1685.227
2026-04-13T22:51:49,374.323,2850423,17,1725704,1685.258
2026-04-13T22:51:50,375.372,2850423,17,1725704,1685.258
2026-04-13T22:51:51,376.421,2850423,17,1725676,1685.230
2026-04-13T22:51:52,377.474,2850423,17,1725676,1685.230
2026-04-13T22:51:53,378.527,2850423,17,1725616,1685.172
2026-04-13T22:51:55,379.575,2850423,17,1725580,1685.137
2026-04-13T22:51:56,380.626,2850423,17,1725580,1685.137
2026-04-13T22:51:57,381.676,2850423,17,1725612,1685.168
2026-04-13T22:51:58,382.750,2850423,17,1725684,1685.238
2026-04-13T22:51:59,383.835,2850423,17,1725684,1685.238
2026-04-13T22:52:00,384.905,2850423,17,1725684,1685.238
2026-04-13T22:52:01,385.982,2850423,17,1725716,1685.270
2026-04-13T22:52:02,387.028,2850423,17,1725716,1685.270
2026-04-13T22:52:03,388.096,2850423,17,1725716,1685.270
2026-04-13T22:52:04,389.151,2850423,17,1725716,1685.270
2026-04-13T22:52:05,390.200,2850423,17,1725748,1685.301
2026-04-13T22:52:06,391.241,2850423,17,1725748,1685.301
2026-04-13T22:52:07,392.287,2850423,17,1725780,1685.332
2026-04-13T22:52:08,393.342,2850423,17,1725748,1685.301
2026-04-13T22:52:09,394.385,2850423,17,1725728,1685.281
2026-04-13T22:52:10,395.432,2850423,17,1725660,1685.215
2026-04-13T22:52:11,396.509,2850423,17,1725664,1685.219
2026-04-13T22:52:13,397.575,2850423,17,1725664,1685.219
2026-04-13T22:52:14,398.649,2850423,17,1725600,1685.156
2026-04-13T22:52:15,399.703,2850423,17,1725520,1685.078
2026-04-13T22:52:16,400.753,2850423,17,1725488,1685.047
2026-04-13T22:52:17,401.811,2850423,17,1725488,1685.047
2026-04-13T22:52:18,402.860,2850423,17,1725500,1685.059
2026-04-13T22:52:19,403.911,2850423,17,1725520,1685.078
2026-04-13T22:52:20,404.973,2850423,17,1725552,1685.109
2026-04-13T22:52:21,406.054,2850423,17,1725556,1685.113
2026-04-13T22:52:22,407.131,2850423,17,1725556,1685.113
2026-04-13T22:52:23,408.229,2850423,17,1725556,1685.113
2026-04-13T22:52:24,409.329,2850423,17,1725556,1685.113
2026-04-13T22:52:25,410.389,2850423,17,1725556,1685.113
2026-04-13T22:52:26,411.440,2850423,17,1725524,1685.082
2026-04-13T22:52:27,412.487,2850423,17,1725596,1685.152
2026-04-13T22:52:29,413.537,2850423,17,1725596,1685.152
2026-04-13T22:52:30,414.592,2850423,17,1725628,1685.184
2026-04-13T22:52:31,415.637,2850423,17,1725668,1685.223
2026-04-13T22:52:32,416.688,2850423,17,1725668,1685.223
2026-04-13T22:52:33,417.736,2850423,17,1725700,1685.254
2026-04-13T22:52:34,418.808,2850423,17,1725704,1685.258
2026-04-13T22:52:35,419.895,2850423,17,1725704,1685.258
2026-04-13T22:52:36,420.949,2850423,17,1725672,1685.227
2026-04-13T22:52:37,422.017,2850423,17,1725696,1685.250
2026-04-13T22:52:38,423.102,2850423,17,1725704,1685.258
2026-04-13T22:52:39,424.183,2850423,17,1725672,1685.227
2026-04-13T22:52:40,425.263,2850423,17,1725672,1685.227
2026-04-13T22:52:41,426.326,2850423,17,1725680,1685.234
2026-04-13T22:52:42,427.389,2850423,17,1725680,1685.234
2026-04-13T22:52:43,428.435,2850423,17,1725680,1685.234
2026-04-13T22:52:44,429.508,2850423,17,1725712,1685.266
2026-04-13T22:52:46,430.554,2850423,17,1725672,1685.227
2026-04-13T22:52:47,431.615,2850423,17,1725672,1685.227
2026-04-13T22:52:48,432.705,2850423,17,1725640,1685.195
2026-04-13T22:52:49,433.851,2850423,17,1725608,1685.164
2026-04-13T22:52:50,434.904,2850423,17,1725608,1685.164
2026-04-13T22:52:51,435.954,2850423,17,1725608,1685.164
2026-04-13T22:52:52,437.018,2850423,17,1725608,1685.164
2026-04-13T22:52:53,438.068,2850423,17,1725608,1685.164
2026-04-13T22:52:54,439.121,2850423,17,1725640,1685.195
2026-04-13T22:52:55,440.173,2850423,17,1725640,1685.195
2026-04-13T22:52:56,441.238,2850423,17,1725608,1685.164
2026-04-13T22:52:57,442.290,2850423,17,1725712,1685.266
2026-04-13T22:52:58,443.345,2850423,17,1725712,1685.266
2026-04-13T22:52:59,444.386,2850423,17,1725648,1685.203
2026-04-13T22:53:00,445.453,2850423,17,1725648,1685.203
2026-04-13T22:53:01,446.505,2850423,17,1725652,1685.207
2026-04-13T22:53:03,447.565,2850423,17,1725620,1685.176
2026-04-13T22:53:04,448.625,2850423,17,1725588,1685.145
2026-04-13T22:53:05,449.693,2850423,17,1725620,1685.176
2026-04-13T22:53:06,450.759,2850423,17,1725620,1685.176
2026-04-13T22:53:07,451.812,2850423,17,1725652,1685.207
2026-04-13T22:53:08,452.857,2850423,17,1725652,1685.207
2026-04-13T22:53:09,453.916,2850423,17,1725684,1685.238
2026-04-13T22:53:10,454.967,2850423,17,1725684,1685.238
2026-04-13T22:53:11,456.024,2850423,17,1725684,1685.238
2026-04-13T22:53:12,457.077,2850423,17,1725652,1685.207
2026-04-13T22:53:13,458.232,2850423,17,1725652,1685.207
2026-04-13T22:53:14,459.281,2850423,17,1725588,1685.145
2026-04-13T22:53:15,460.337,2850423,17,1725588,1685.145
2026-04-13T22:53:16,461.391,2850423,17,1725556,1685.113
2026-04-13T22:53:17,462.470,2850423,17,1725620,1685.176
2026-04-13T22:53:18,463.523,2850423,17,1725620,1685.176
2026-04-13T22:53:20,464.573,2850423,17,1725620,1685.176
2026-04-13T22:53:21,465.620,2850423,17,1725692,1685.246
2026-04-13T22:53:22,466.680,2850423,17,1725692,1685.246
2026-04-13T22:53:23,467.729,2850423,17,1725668,1685.223
2026-04-13T22:53:24,468.796,2850423,17,1725636,1685.191
2026-04-13T22:53:25,469.869,2850423,17,1725668,1685.223
2026-04-13T22:53:26,470.918,2850423,17,1725672,1685.227
2026-04-13T22:53:27,471.970,2850423,17,1725704,1685.258
2026-04-13T22:53:28,473.027,2850423,17,1725676,1685.230
2026-04-13T22:53:29,474.076,2850423,17,1725676,1685.230
2026-04-13T22:53:30,475.126,2850423,17,1725708,1685.262
2026-04-13T22:53:31,476.183,2850423,17,1725708,1685.262
2026-04-13T22:53:32,477.232,2850423,17,1725708,1685.262
2026-04-13T22:53:33,478.285,2850423,17,1725708,1685.262
2026-04-13T22:53:34,479.360,2850423,17,1725708,1685.262
2026-04-13T22:53:35,480.412,2850423,17,1725708,1685.262
2026-04-13T22:53:36,481.464,2850423,17,1725708,1685.262
2026-04-13T22:53:37,482.515,2850423,17,1725740,1685.293
2026-04-13T22:53:39,483.579,2850423,17,1725740,1685.293
2026-04-13T22:53:40,484.666,2850423,17,1725636,1685.191
2026-04-13T22:53:41,485.712,2850423,17,1725700,1685.254
2026-04-13T22:53:42,486.792,2850423,17,1725744,1685.297
2026-04-13T22:53:43,487.843,2850423,17,1725724,1685.277
2026-04-13T22:53:44,488.887,2850423,17,1725716,1685.270
2026-04-13T22:53:45,489.961,2850423,17,1725716,1685.270
2026-04-13T22:53:46,491.064,2850423,17,1725684,1685.238
2026-04-13T22:53:47,492.143,2850423,17,1725684,1685.238
2026-04-13T22:53:48,493.218,2850423,17,1725684,1685.238
2026-04-13T22:53:49,494.288,2850423,17,1725684,1685.238
2026-04-13T22:53:50,495.340,2850423,17,1725684,1685.238
2026-04-13T22:53:51,496.391,2850423,17,1725716,1685.270
2026-04-13T22:53:52,497.445,2850423,17,1725716,1685.270
2026-04-13T22:53:53,498.511,2850423,17,1725716,1685.270
2026-04-13T22:53:55,499.570,2850423,17,1725716,1685.270
2026-04-13T22:53:56,500.625,2850423,17,1725652,1685.207
2026-04-13T22:53:57,501.715,2850423,17,1725708,1685.262
2026-04-13T22:53:58,502.862,2850423,17,1725744,1685.297
2026-04-13T22:53:59,503.952,2850423,17,1725776,1685.328
2026-04-13T22:54:00,505.043,2850423,17,1725672,1685.227
2026-04-13T22:54:01,506.135,2850423,17,1725672,1685.227
2026-04-13T22:54:02,507.205,2850423,17,1725676,1685.230
2026-04-13T22:54:03,508.308,2850423,17,1725676,1685.230
2026-04-13T22:54:04,509.381,2850423,17,1725708,1685.262
2026-04-13T22:54:05,510.440,2850423,17,1725676,1685.230
2026-04-13T22:54:06,511.497,2850423,17,1725676,1685.230
2026-04-13T22:54:08,512.582,2850423,17,1725708,1685.262
2026-04-13T22:54:09,513.648,2850423,17,1725708,1685.262
2026-04-13T22:54:10,514.698,2850423,17,1725748,1685.301
2026-04-13T22:54:11,515.743,2850423,17,1725772,1685.324
2026-04-13T22:54:12,516.800,2850423,17,1725784,1685.336
2026-04-13T22:54:13,517.845,2850423,17,1725784,1685.336
2026-04-13T22:54:14,518.891,2850423,17,1725784,1685.336
2026-04-13T22:54:15,519.941,2850423,17,1725824,1685.375
2026-04-13T22:54:16,521.015,2850423,17,1725892,1685.441
2026-04-13T22:54:17,522.066,2850423,17,1725860,1685.410
2026-04-13T22:54:18,523.139,2850423,17,1725860,1685.410
2026-04-13T22:54:19,524.212,2850423,17,1725892,1685.441
2026-04-13T22:54:20,525.326,2850423,17,1725900,1685.449
2026-04-13T22:54:21,526.446,2850423,17,1725804,1685.355
2026-04-13T22:54:22,527.506,2850423,17,1725836,1685.387
2026-04-13T22:54:24,528.551,2850423,17,1725876,1685.426
2026-04-13T22:54:25,529.609,2850423,17,1725840,1685.391
2026-04-13T22:54:26,530.677,2850423,17,1725872,1685.422
2026-04-13T22:54:27,531.737,2850423,17,1725872,1685.422
2026-04-13T22:54:28,532.788,2850423,17,1725892,1685.441
2026-04-13T22:54:29,533.829,2850423,17,1725872,1685.422
2026-04-13T22:54:30,534.875,2850423,17,1725840,1685.391
2026-04-13T22:54:31,535.961,2850423,17,1725840,1685.391
2026-04-13T22:54:32,537.021,2850423,17,1725840,1685.391
2026-04-13T22:54:33,538.097,2850423,17,1725768,1685.320
2026-04-13T22:54:34,539.148,2850423,17,1725840,1685.391
2026-04-13T22:54:35,540.224,2850423,17,1725844,1685.395
2026-04-13T22:54:36,541.273,2850423,17,1725936,1685.484
2026-04-13T22:54:37,542.357,2850423,17,1725884,1685.434
2026-04-13T22:54:38,543.403,2850423,17,1725916,1685.465
2026-04-13T22:54:39,544.495,2850423,17,1725884,1685.434
2026-04-13T22:54:41,545.547,2850423,17,1725884,1685.434
2026-04-13T22:54:42,546.612,2850423,17,1725884,1685.434
2026-04-13T22:54:43,547.663,2850423,17,1725816,1685.367
2026-04-13T22:54:44,548.713,2850423,17,1725848,1685.398
2026-04-13T22:54:45,549.781,2850423,17,1725856,1685.406
2026-04-13T22:54:46,550.853,2850423,17,1726064,1685.609
2026-04-13T22:54:47,551.896,2850423,17,1726076,1685.621
2026-04-13T22:54:48,552.973,2850423,17,1726024,1685.570
2026-04-13T22:54:49,554.042,2850423,17,1726004,1685.551
2026-04-13T22:54:50,555.104,2850423,17,1726028,1685.574
2026-04-13T22:54:51,556.151,2850423,17,1726028,1685.574
2026-04-13T22:54:52,557.196,2850423,17,1726100,1685.645
2026-04-13T22:54:53,558.253,2850423,17,1726032,1685.578
2026-04-13T22:54:54,559.299,2850423,17,1726088,1685.633
2026-04-13T22:54:55,560.354,2850423,17,1726104,1685.648
2026-04-13T22:54:56,561.410,2850423,17,1726072,1685.617
2026-04-13T22:54:57,562.461,2850423,17,1726048,1685.594
2026-04-13T22:54:59,563.548,2850423,17,1726000,1685.547
2026-04-13T22:55:00,564.609,2850423,17,1725968,1685.516
2026-04-13T22:55:01,565.659,2850423,17,1725968,1685.516
2026-04-13T22:55:02,566.714,2850423,17,1725936,1685.484
2026-04-13T22:55:03,567.760,2850423,17,1725968,1685.516
2026-04-13T22:55:04,568.826,2850423,17,1725904,1685.453
2026-04-13T22:55:05,569.879,2850423,17,1725936,1685.484
2026-04-13T22:55:06,570.925,2850423,17,1725904,1685.453
2026-04-13T22:55:07,572.038,2850423,17,1725904,1685.453
2026-04-13T22:55:08,573.091,2850423,17,1726008,1685.555
2026-04-13T22:55:09,574.135,2850423,17,1726072,1685.617
2026-04-13T22:55:10,575.196,2850423,17,1726076,1685.621
2026-04-13T22:55:11,576.242,2850423,17,1726076,1685.621
2026-04-13T22:55:12,577.288,2850423,17,1726076,1685.621
2026-04-13T22:55:13,578.347,2850423,17,1726004,1685.551
2026-04-13T22:55:14,579.390,2850423,17,1726004,1685.551
2026-04-13T22:55:15,580.454,2850423,17,1726004,1685.551
2026-04-13T22:55:16,581.500,2850423,17,1726004,1685.551
2026-04-13T22:55:18,582.552,2850423,17,1726008,1685.555
2026-04-13T22:55:19,583.605,2850423,17,1726012,1685.559
2026-04-13T22:55:20,584.717,2850423,17,1725940,1685.488
2026-04-13T22:55:21,585.829,2850423,17,1725940,1685.488
2026-04-13T22:55:22,586.932,2850423,17,1725908,1685.457
2026-04-13T22:55:23,588.007,2850423,17,1725980,1685.527
2026-04-13T22:55:24,589.082,2850423,17,1725876,1685.426
2026-04-13T22:55:25,590.144,2850423,17,1725940,1685.488
2026-04-13T22:55:26,591.240,2850423,17,1725972,1685.520
2026-04-13T22:55:27,592.298,2850423,17,1725908,1685.457
2026-04-13T22:55:28,593.359,2850423,17,1725916,1685.465
2026-04-13T22:55:29,594.415,2850423,17,1725916,1685.465
2026-04-13T22:55:30,595.474,2850423,17,1725916,1685.465
2026-04-13T22:55:32,596.561,2850423,17,1725988,1685.535
2026-04-13T22:55:33,597.658,2850423,17,1726052,1685.598
2026-04-13T22:55:34,598.709,2850423,17,1726036,1685.582
2026-04-13T22:55:35,599.761,2850423,17,1726052,1685.598
2026-04-13T22:55:36,600.835,2850423,17,1726160,1685.703
2026-04-13T22:55:37,601.923,2850423,17,1726164,1685.707
2026-04-13T22:55:38,603.017,2850423,17,1726196,1685.738
2026-04-13T22:55:39,604.091,2850423,17,1726196,1685.738
2026-04-13T22:55:40,605.174,2850423,17,1726124,1685.668
2026-04-13T22:55:41,606.227,2850423,17,1726124,1685.668
2026-04-13T22:55:42,607.280,2850423,17,1726092,1685.637
2026-04-13T22:55:43,608.331,2850423,17,1726092,1685.637
2026-04-13T22:55:44,609.398,2850423,17,1726092,1685.637
2026-04-13T22:55:45,610.445,2850423,17,1726168,1685.711
2026-04-13T22:55:46,611.496,2850423,17,1726168,1685.711
2026-04-13T22:55:48,612.547,2850423,17,1726064,1685.609
2026-04-13T22:55:49,613.601,2850423,17,1726032,1685.578
2026-04-13T22:55:50,614.654,2850423,17,1725984,1685.531
2026-04-13T22:55:51,615.705,2850423,17,1725992,1685.539
2026-04-13T22:55:52,616.780,2850423,17,1725968,1685.516
2026-04-13T22:55:53,617.892,2850423,17,1725972,1685.520
2026-04-13T22:55:54,618.973,2850423,17,1725972,1685.520
2026-04-13T22:55:55,620.057,2850423,17,1726076,1685.621
2026-04-13T22:55:56,621.119,2850423,17,1726036,1685.582
2026-04-13T22:55:57,622.167,2850423,17,1726072,1685.617
2026-04-13T22:55:58,623.217,2850423,17,1726144,1685.688
2026-04-13T22:55:59,624.269,2850423,17,1726148,1685.691
2026-04-13T22:56:00,625.324,2850423,17,1726136,1685.680
2026-04-13T22:56:01,626.375,2850423,17,1726184,1685.727
2026-04-13T22:56:02,627.449,2850423,17,1726160,1685.703
2026-04-13T22:56:03,628.491,2850423,17,1726212,1685.754
2026-04-13T22:56:05,629.570,2850423,17,1726080,1685.625
2026-04-13T22:56:06,630.643,2850423,17,1726216,1685.758
2026-04-13T22:56:07,631.736,2850423,17,1726216,1685.758
2026-04-13T22:56:08,632.779,2850423,17,1726216,1685.758
2026-04-13T22:56:09,633.862,2850423,17,1726216,1685.758
2026-04-13T22:56:10,634.916,2850423,17,1726176,1685.719
2026-04-13T22:56:11,635.959,2850423,17,1726144,1685.688
2026-04-13T22:56:12,637.000,2850423,17,1726144,1685.688
2026-04-13T22:56:13,638.046,2850423,17,1726144,1685.688
2026-04-13T22:56:14,639.129,2850423,17,1726252,1685.793
2026-04-13T22:56:15,640.182,2850423,17,1726116,1685.660
2026-04-13T22:56:16,641.250,2850423,17,1726084,1685.629
2026-04-13T22:56:17,642.302,2850423,17,1726084,1685.629
2026-04-13T22:56:18,643.386,2850423,17,1726140,1685.684
2026-04-13T22:56:19,644.451,2850423,17,1726116,1685.660
2026-04-13T22:56:20,645.501,2850423,17,1726148,1685.691
2026-04-13T22:56:22,646.547,2850423,17,1726180,1685.723
2026-04-13T22:56:23,647.617,2850423,17,1726176,1685.719
2026-04-13T22:56:24,648.666,2850423,17,1726208,1685.750
2026-04-13T22:56:25,649.718,2850423,17,1726168,1685.711
2026-04-13T22:56:26,650.772,2850423,17,1726148,1685.691
2026-04-13T22:56:27,651.839,2850423,17,1726180,1685.723
2026-04-13T22:56:28,652.886,2850423,17,1726252,1685.793
2026-04-13T22:56:29,653.933,2850423,17,1726164,1685.707
2026-04-13T22:56:30,654.983,2850423,17,1726188,1685.730
2026-04-13T22:56:31,656.047,2850423,17,1726192,1685.734
2026-04-13T22:56:32,657.092,2850423,17,1726128,1685.672
2026-04-13T22:56:33,658.146,2850423,17,1726128,1685.672
2026-04-13T22:56:34,659.200,2850423,17,1726088,1685.633
2026-04-13T22:56:35,660.250,2850423,17,1726088,1685.633
2026-04-13T22:56:36,661.311,2850423,17,1726236,1685.777
2026-04-13T22:56:37,662.408,2850423,17,1726276,1685.816
2026-04-13T22:56:38,663.456,2850423,17,1726208,1685.750
2026-04-13T22:56:39,664.513,2850423,17,1726240,1685.781
2026-04-13T22:56:41,665.568,2850423,17,1726208,1685.750
2026-04-13T22:56:42,666.619,2850423,17,1726240,1685.781
2026-04-13T22:56:43,667.699,2850423,17,1726168,1685.711
2026-04-13T22:56:44,668.776,2850423,17,1726272,1685.812
2026-04-13T22:56:45,669.857,2850423,17,1726276,1685.816
2026-04-13T22:56:46,670.949,2850423,17,1726348,1685.887
2026-04-13T22:56:47,672.029,2850423,17,1726292,1685.832
2026-04-13T22:56:48,673.113,2850423,17,1726340,1685.879
2026-04-13T22:56:49,674.200,2850423,17,1726308,1685.848
2026-04-13T22:56:50,675.240,2850423,17,1726308,1685.848
2026-04-13T22:56:51,676.316,2850423,17,1726340,1685.879
2026-04-13T22:56:52,677.398,2850423,17,1726380,1685.918
2026-04-13T22:56:53,678.508,2850423,17,1726380,1685.918
2026-04-13T22:56:55,679.584,2850423,17,1726380,1685.918
2026-04-13T22:56:56,680.662,2850423,17,1726412,1685.949
2026-04-13T22:56:57,681.702,2850423,17,1726340,1685.879
2026-04-13T22:56:58,682.781,2850423,17,1726308,1685.848
2026-04-13T22:56:59,683.881,2850423,17,1726368,1685.906
2026-04-13T22:57:00,684.947,2850423,17,1726412,1685.949
2026-04-13T22:57:01,685.993,2850423,17,1726380,1685.918
2026-04-13T22:57:02,687.082,2850423,17,1726348,1685.887
2026-04-13T22:57:03,688.125,2850423,17,1726308,1685.848
2026-04-13T22:57:04,689.194,2850423,17,1726308,1685.848
2026-04-13T22:57:05,690.248,2850423,17,1726372,1685.910
2026-04-13T22:57:06,691.303,2850423,17,1726304,1685.844
2026-04-13T22:57:07,692.347,2850423,17,1726272,1685.812
2026-04-13T22:57:08,693.412,2850423,17,1726336,1685.875
2026-04-13T22:57:09,694.462,2850423,17,1726312,1685.852
2026-04-13T22:57:11,695.530,2850423,17,1726344,1685.883
2026-04-13T22:57:12,696.574,2850423,17,1726240,1685.781
2026-04-13T22:57:13,697.650,2850423,17,1726264,1685.805
2026-04-13T22:57:14,698.693,2850423,17,1726320,1685.859
2026-04-13T22:57:15,699.741,2850423,17,1726352,1685.891
2026-04-13T22:57:16,700.814,2850423,17,1726416,1685.953
2026-04-13T22:57:17,701.890,2850423,17,1726416,1685.953
2026-04-13T22:57:18,702.937,2850423,17,1726400,1685.938
2026-04-13T22:57:19,703.986,2850423,17,1726312,1685.852
2026-04-13T22:57:20,705.076,2850423,17,1726344,1685.883
2026-04-13T22:57:21,706.129,2850423,17,1726284,1685.824
2026-04-13T22:57:22,707.173,2850423,17,1726384,1685.922
2026-04-13T22:57:23,708.226,2850423,17,1726384,1685.922
2026-04-13T22:57:24,709.307,2850423,17,1726332,1685.871
2026-04-13T22:57:25,710.348,2850423,17,1726384,1685.922
2026-04-13T22:57:26,711.398,2850423,17,1726324,1685.863
2026-04-13T22:57:27,712.450,2850423,17,1726388,1685.926
2026-04-13T22:57:28,713.495,2850423,17,1726316,1685.855
2026-04-13T22:57:30,714.552,2850423,17,1726380,1685.918
2026-04-13T22:57:31,715.603,2850423,17,1726348,1685.887
2026-04-13T22:57:32,716.652,2850423,17,1726276,1685.816
2026-04-13T22:57:33,717.704,2850423,17,1726316,1685.855
2026-04-13T22:57:34,718.768,2850423,17,1726352,1685.891
2026-04-13T22:57:35,719.835,2850423,17,1726316,1685.855
2026-04-13T22:57:36,720.878,2850423,17,1726352,1685.891
2026-04-13T22:57:37,721.954,2850423,17,1726352,1685.891
2026-04-13T22:57:38,722.999,2850423,17,1726308,1685.848
2026-04-13T22:57:39,724.112,2850423,17,1726324,1685.863
2026-04-13T22:57:40,725.159,2850423,17,1726280,1685.820
2026-04-13T22:57:41,726.205,2850423,17,1726396,1685.934
2026-04-13T22:57:42,727.253,2850423,17,1726308,1685.848
2026-04-13T22:57:43,728.306,2850423,17,1726356,1685.895
2026-04-13T22:57:44,729.353,2850423,17,1726372,1685.910
2026-04-13T22:57:45,730.400,2850423,17,1726324,1685.863
2026-04-13T22:57:46,731.446,2850423,17,1726324,1685.863
2026-04-13T22:57:47,732.492,2850423,17,1726292,1685.832
2026-04-13T22:57:49,733.543,2850423,17,1726324,1685.863
2026-04-13T22:57:50,734.602,2850423,17,1726356,1685.895
2026-04-13T22:57:51,735.647,2850423,17,1726428,1685.965
2026-04-13T22:57:52,736.745,2850423,17,1726316,1685.855
2026-04-13T22:57:53,737.790,2850423,17,1726324,1685.863
2026-04-13T22:57:54,738.856,2850423,17,1726324,1685.863
2026-04-13T22:57:55,739.909,2850423,17,1726324,1685.863
2026-04-13T22:57:56,740.966,2850423,17,1726324,1685.863
2026-04-13T22:57:57,742.018,2850423,17,1726356,1685.895
2026-04-13T22:57:58,743.094,2850423,17,1726292,1685.832
2026-04-13T22:57:59,744.139,2850423,17,1726292,1685.832
2026-04-13T22:58:00,745.201,2850423,17,1726220,1685.762
2026-04-13T22:58:01,746.251,2850423,17,1726220,1685.762
2026-04-13T22:58:02,747.325,2850423,17,1726220,1685.762
2026-04-13T22:58:03,748.407,2850423,17,1726200,1685.742
2026-04-13T22:58:04,749.458,2850423,17,1726252,1685.793
2026-04-13T22:58:05,750.509,2850423,17,1726324,1685.863
2026-04-13T22:58:07,751.566,2850423,17,1726292,1685.832
2026-04-13T22:58:08,752.623,2850423,17,1726228,1685.770
2026-04-13T22:58:09,753.676,2850423,17,1726260,1685.801
2026-04-13T22:58:10,754.729,2850423,17,1726260,1685.801
2026-04-13T22:58:11,755.799,2850423,17,1726188,1685.730
2026-04-13T22:58:12,756.853,2850423,17,1726084,1685.629
2026-04-13T22:58:13,757.904,2850423,17,1726116,1685.660
2026-04-13T22:58:14,758.961,2850423,17,1726180,1685.723
2026-04-13T22:58:15,760.031,2850423,17,1726216,1685.758
2026-04-13T22:58:16,761.082,2850423,17,1726288,1685.828
2026-04-13T22:58:17,762.126,2850423,17,1726256,1685.797
2026-04-13T22:58:18,763.170,2850423,17,1726256,1685.797
2026-04-13T22:58:19,764.214,2850423,17,1726256,1685.797
2026-04-13T22:58:20,765.283,2850423,17,1726288,1685.828
2026-04-13T22:58:21,766.344,2850423,17,1726256,1685.797
2026-04-13T22:58:22,767.399,2850423,17,1726160,1685.703
2026-04-13T22:58:23,768.494,2850423,17,1726264,1685.805
2026-04-13T22:58:25,769.561,2850423,17,1726192,1685.734
2026-04-13T22:58:26,770.611,2850423,17,1726192,1685.734
2026-04-13T22:58:27,771.680,2850423,17,1726192,1685.734
2026-04-13T22:58:28,772.732,2850423,17,1726160,1685.703
2026-04-13T22:58:29,773.789,2850423,17,1726160,1685.703
2026-04-13T22:58:30,774.835,2850423,17,1726328,1685.867
2026-04-13T22:58:31,775.905,2850423,17,1726328,1685.867
2026-04-13T22:58:32,776.954,2850423,17,1726296,1685.836
2026-04-13T22:58:33,778.058,2850423,17,1726328,1685.867
2026-04-13T22:58:34,779.132,2850423,17,1726360,1685.898
2026-04-13T22:58:35,780.184,2850423,17,1726360,1685.898
2026-04-13T22:58:36,781.233,2850423,17,1726284,1685.824
2026-04-13T22:58:37,782.286,2850423,17,1726212,1685.754
2026-04-13T22:58:38,783.366,2850423,17,1726188,1685.730
2026-04-13T22:58:39,784.431,2850423,17,1726156,1685.699
2026-04-13T22:58:40,785.516,2850423,17,1726168,1685.711
2026-04-13T22:58:42,786.589,2850423,17,1726188,1685.730
2026-04-13T22:58:43,787.634,2850423,17,1726296,1685.836
2026-04-13T22:58:44,788.694,2850423,17,1726224,1685.766
2026-04-13T22:58:45,789.748,2850423,17,1726240,1685.781
2026-04-13T22:58:46,790.795,2850423,17,1726256,1685.797
2026-04-13T22:58:47,791.843,2850423,17,1726256,1685.797
2026-04-13T22:58:48,792.902,2850423,17,1726256,1685.797
2026-04-13T22:58:49,794.009,2850423,17,1726184,1685.727
2026-04-13T22:58:50,795.103,2850423,17,1726288,1685.828
2026-04-13T22:58:51,796.153,2850423,17,1726288,1685.828
2026-04-13T22:58:52,797.202,2850423,17,1726360,1685.898
2026-04-13T22:58:53,798.251,2850423,17,1726296,1685.836
2026-04-13T22:58:54,799.309,2850423,17,1726432,1685.969
2026-04-13T22:58:55,800.363,2850423,17,1726500,1686.035
2026-04-13T22:58:56,801.421,2850423,17,1726468,1686.004
2026-04-13T22:58:57,802.468,2850423,17,1726436,1685.973
2026-04-13T22:58:59,803.558,2850423,17,1726436,1685.973
2026-04-13T22:59:00,804.643,2850423,17,1726404,1685.941
2026-04-13T22:59:01,805.690,2850423,17,1726404,1685.941
2026-04-13T22:59:02,806.765,2850423,17,1726436,1685.973
